Station_ID,Station_Name,City,Total_Sessions,Total_Energy_kWh,Total_Revenue,Avg_Energy_kWh,Avg_Revenue,Avg_Duration_Min,Revenue_per_Session,Energy_per_Session,Revenue_Rank,Revenue_Score,Session_Score,Energy_Score,Performance_Score,Performance_Category,Total_Chargers,DC_Fast_Chargers,AC_Chargers,Daily_Theoretical_Capacity,Avg_Daily_Sessions,Utilization_Rate,Utilization_Percent,Utilization_Category,Revenue_per_Charger,Energy_per_Charger,Utilization_Score,Revenue_Efficiency_Score,Demand_Score,Expansion_Score,Expansion_Priority
ST001,Delhi Central,Delhi,1604,69768.84,1217244.28,43.496783042394014,758.8804738154614,97.52306733167082,758.88,43.5,28,0.8918275992914669,0.9026449071468767,0.8833312358562733,0.893,Excellent,6,2,4,72,4.39,0.061,6.1,Low,202874.05,11628.14,0.28282828282828276,0.2694123873048828,0.22072072072072071,0.263,Low Priority
ST002,Noida Sector 18,Noida,1603,70805.32,1245522.16,44.17050530255771,776.9944853399875,99.89706799750468,776.99,44.17,23,0.91254570349439,0.9020821609454136,0.8964539301613573,0.906,Excellent,11,6,5,132,4.39,0.033,3.3,Low,113229.29,6436.85,0.0,0.0,0.21621621621621623,0.054,Low Priority
ST003,Gurgaon Cyber Hub,Gurgaon,1652,71048.25,1233468.4,43.00741525423729,746.6515738498789,97.89164648910412,746.65,43.01,26,0.9037143817787229,0.9296567248171075,0.8995296249432478,0.911,Excellent,7,5,2,84,4.53,0.054,5.4,Low,176209.77,10149.75,0.2121212121212121,0.18927733724098794,0.4369369369369369,0.261,Low Priority
ST004,Meerut Bypass,Meerut,1676,74063.43,1279904.75,44.190590692124104,763.6663186157518,97.16169451073986,763.67,44.19,15,0.9377364915727886,0.9431626336522229,0.9377042982749115,0.939,Excellent,5,3,2,60,4.59,0.076,7.6,Low,255980.95,14812.69,0.4343434343434343,0.42901632524126293,0.545045045045045,0.46,Low Priority
ST005,Ghaziabad Highway,Ghaziabad,1681,74505.43,1299630.97,44.322088042831645,773.1296668649613,98.01665675193337,773.13,44.32,11,0.9521891266886384,0.9459763646595385,0.9433003839522494,0.949,Excellent,8,3,5,96,4.61,0.048,4.8,Low,162453.87,9313.18,0.1515151515151515,0.14793627214663957,0.5675675675675675,0.254,Low Priority
ST006,Jaipur Central,Jaipur,1619,70207.6,1236468.38,43.364793082149475,763.723520691785,96.56763434218654,763.72,43.36,25,0.9059123505885024,0.9110861001688239,0.8888863004530805,0.904,Excellent,10,6,4,120,4.44,0.037,3.7,Low,123646.84,7020.76,0.040404040404040366,0.03130821048958113,0.2882882882882883,0.1,Low Priority
ST007,Lucknow Expressway,Lucknow,1640,71455.03,1250411.6,43.570140243902436,762.4460975609757,93.80670731707318,762.45,43.57,21,0.9161280062488378,0.9229037703995498,0.9046797962822241,0.916,Excellent,6,4,2,72,4.49,0.062,6.2,Low,208401.93,11909.17,0.2929292929292929,0.2860255094498349,0.38288288288288286,0.313,Low Priority
ST008,Agra Highway,Agra,1637,72412.32,1260885.51,44.23477092241907,770.2416065974344,97.96823457544288,770.24,44.23,18,0.9238018332398299,0.9212155317951604,0.9167998796714972,0.922,Excellent,3,2,1,36,4.48,0.124,12.4,Low,420295.17,24137.44,0.9191919191919191,0.9228353312639208,0.36936936936936937,0.783,High Priority
ST009,Chandigarh Sector 17,Chandigarh,1633,71230.23,1244772.95,43.61924678505817,762.2614513165952,97.83466013472137,762.26,43.62,24,0.9119967864309513,0.9189645469893079,0.9018336422997227,0.912,Excellent,7,2,5,84,4.47,0.053,5.3,Low,177824.71,10175.75,0.202020202020202,0.19413077028887774,0.35135135135135137,0.237,Low Priority
ST010,Dehradun Central,Dehradun,1681,74470.4,1295641.99,44.301249256394996,770.7566864961333,98.31171921475313,770.76,44.3,12,0.9492665559972224,0.9459763646595385,0.9428568751710794,0.947,Excellent,7,6,1,84,4.61,0.055,5.5,Low,185091.71,10638.63,0.2222222222222222,0.21597052777771014,0.5675675675675675,0.307,Low Priority
ST011,Haridwar Highway,Haridwar,1555,68800.96,1207882.34,44.24499035369775,776.7732090032155,99.16784565916399,776.77,44.24,30,0.8849684695242597,0.8750703432751828,0.871077074305636,0.879,Excellent,8,6,2,96,4.26,0.044,4.4,Low,150985.29,8600.12,0.11111111111111106,0.11346936614123525,0.0,0.084,Low Priority
ST012,Kanpur Central,Kanpur,1669,74875.39,1302245.24,44.86242660275614,780.2547872977831,96.43798681845416,780.25,44.86,10,0.9541045007645795,0.9392234102419809,0.9479843836291452,0.948,Excellent,6,2,4,72,4.57,0.063,6.3,Low,217040.87,12479.23,0.303030303030303,0.3119884039813574,0.5135135135135135,0.358,Low Priority
ST013,Faridabad Sector 15,Faridabad,1759,77200.79,1348860.71,43.88902217168845,766.8338317225696,95.83456509380329,766.83,43.89,3,0.9882578448246094,0.9898705683736635,0.9774258714890576,0.987,Excellent,5,4,1,60,4.82,0.08,8.0,Low,269772.14,15440.16,0.47474747474747475,0.4704634485496998,0.918918918918919,0.585,Medium Priority
ST014,Delhi Airport,Delhi,1597,69525.51,1212302.6,43.53507201001878,759.1124608641203,96.07639323731998,759.11,43.54,29,0.8882070223183168,0.8987056837366347,0.8802504767434528,0.89,Excellent,5,3,2,60,4.38,0.073,7.3,Low,242460.52,13905.1,0.404040404040404,0.38838292599195307,0.1891891891891892,0.346,Low Priority
ST015,Noida Expressway,Noida,1777,78983.78,1364887.43,44.44782217220034,768.0852166572876,99.27743387732133,768.09,44.45,1,1.0,1.0,1.0,1.0,Excellent,5,2,3,60,4.87,0.081,8.1,Low,272977.49,15796.76,0.48484848484848486,0.48009659381828773,1.0,0.612,Medium Priority
ST016,Gurgaon Sohna Road,Gurgaon,1730,76342.75,1337913.24,44.128757225433525,773.3602543352602,95.85491329479768,773.36,44.13,4,0.9802370588173708,0.9735509285312324,0.9665623752117207,0.975,Excellent,3,2,1,36,4.74,0.132,13.2,Low,445971.08,25447.58,1.0,1.0,0.7882882882882883,0.947,High Priority
ST017,Agra City,Agra,1719,76028.29,1336701.94,44.22820826061663,777.6043862710878,96.30133798720186,777.6,44.23,5,0.9793495863611258,0.9673607203151379,0.9625810514513232,0.972,Excellent,9,4,5,108,4.71,0.044,4.4,Low,148522.44,8447.59,0.11111111111111106,0.10606768088853523,0.7387387387387387,0.267,Low Priority
ST018,Jaipur Highway,Jaipur,1670,72656.2,1268642.22,43.50670658682635,759.6659999999999,97.1934131736527,759.67,43.51,17,0.9294848733422654,0.939786156443444,0.9198876022393458,0.931,Excellent,3,2,1,36,4.58,0.127,12.7,Low,422880.74,24218.73,0.9494949494949495,0.9306058310259134,0.5180180180180181,0.836,High Priority
ST019,Lucknow City,Lucknow,1675,75272.29,1324622.29,44.93868059701492,790.8192776119403,98.47701492537314,790.82,44.94,8,0.9704992960481731,0.9425998874507597,0.9530094659941573,0.959,Excellent,6,2,4,72,4.59,0.064,6.4,Low,220770.38,12545.38,0.3131313131313131,0.3231968247811614,0.5405405405405406,0.373,Low Priority
ST020,Chandigarh Highway,Chandigarh,1641,71748.5,1246838.89,43.7224253503961,759.8043205362583,97.09872029250457,759.8,43.72,22,0.9135104204161364,0.923466516601013,0.9083953692770845,0.915,Excellent,7,6,1,84,4.5,0.054,5.4,Low,178119.84,10249.79,0.2121212121212121,0.1950177343218596,0.38738738738738737,0.251,Low Priority
ST021,Delhi Rohini,Delhi,1665,73034.38,1271053.19,43.864492492492495,763.3953093093093,97.81681681681681,763.4,43.86,16,0.9312512974055304,0.9369724254361284,0.9246756739168474,0.932,Excellent,7,6,1,84,4.56,0.054,5.4,Low,181579.03,10433.48,0.2121212121212121,0.20541375340921258,0.4954954954954955,0.281,Low Priority
ST022,Ghaziabad City,Ghaziabad,1732,76811.74,1351945.48,44.34857967667437,780.5689838337182,97.31870669745959,780.57,44.35,2,0.9905179359736649,0.9746764209341587,0.9725001766185413,0.982,Excellent,8,6,2,96,4.75,0.049,4.9,Low,168993.18,9601.47,0.1616161616161616,0.16758907860656755,0.7972972972972973,0.322,Low Priority
ST023,Meerut City,Meerut,1721,76070.38,1325046.15,44.20126670540384,769.9280360255665,98.76757699012202,769.93,44.2,7,0.970809841805049,0.9684862127180641,0.9631139456734029,0.969,Excellent,8,5,3,96,4.72,0.049,4.9,Low,165630.77,9508.8,0.1616161616161616,0.15748391568128545,0.7477477477477478,0.307,Low Priority
ST024,Dehradun Highway,Dehradun,1645,71791.95,1257903.05,43.64252279635258,764.6827051671733,98.18966565349544,764.68,43.64,19,0.9216167006534745,0.9257175014068655,0.908945482224325,0.92,Excellent,6,5,1,72,4.51,0.063,6.3,Low,209650.51,11965.32,0.303030303030303,0.2897779085698854,0.40540540540540543,0.325,Low Priority
ST025,Haridwar City,Haridwar,1639,71829.57,1255890.31,43.825241000610134,766.2540024405125,100.66564978645516,766.25,43.83,20,0.9201420442416999,0.9223410241980866,0.9094217825482651,0.919,Excellent,7,5,2,84,4.49,0.053,5.3,Low,179412.9,10261.37,0.202020202020202,0.19890381066952845,0.3783783783783784,0.245,Low Priority
ST026,Kanpur Highway,Kanpur,1704,73984.31,1288628.05,43.41802230046948,756.237118544601,97.07629107981221,756.24,43.42,13,0.9441277146203919,0.9589195272931907,0.9367025736170135,0.947,Excellent,9,5,4,108,4.67,0.043,4.3,Low,143180.89,8220.48,0.10101010101010095,0.09001454250757027,0.6711711711711712,0.24,Low Priority
ST027,Faridabad Highway,Faridabad,1644,73295.4,1281161.0,44.583576642335764,779.2950121654501,97.9014598540146,779.3,44.58,14,0.9386568971479209,0.9251547552054024,0.9279804030650343,0.932,Excellent,3,2,1,36,4.5,0.125,12.5,Low,427053.67,24431.8,0.9292929292929293,0.9431468767418724,0.4009009009009009,0.801,High Priority
ST028,Delhi Dwarka,Delhi,1699,74661.59,1305608.1,43.944432018834604,768.4567981165392,99.17304296645085,768.46,43.94,9,0.9565683376540438,0.9561057962858751,0.9452774987472111,0.954,Excellent,4,3,1,48,4.65,0.097,9.7,Low,326402.03,18665.4,0.6464646464646464,0.6406551458414648,0.6486486486486487,0.645,Medium Priority
ST029,Noida Sector 62,Noida,1712,76568.7,1332086.83,44.72470794392523,778.088101635514,99.42757009345794,778.09,44.72,6,0.9759682745411467,0.9634214969048959,0.9694230891456448,0.971,Excellent,5,4,1,60,4.69,0.078,7.8,Low,266417.37,15313.74,0.45454545454545453,0.46038124637124783,0.7072072072072072,0.519,Medium Priority
ST030,Gurgaon Golf Course,Gurgaon,1621,70434.31,1232035.56,43.451147439851944,760.0466132017274,96.51449722393585,760.05,43.45,27,0.9026645955703468,0.9122115925717501,0.891756636615771,0.903,Excellent,3,2,1,36,4.44,0.123,12.3,Low,410678.52,23478.1,0.9090909090909091,0.8939340922581441,0.2972972972972973,0.752,High Priority
